{
  "colors": {
    "default": {
      "theme_color": {
        "primary": "#0b685c",
        "body": "#fff",
        "border": "#eaeaea",
        "theme_light": "#f6f6f6",
        "theme_dark": ""
      },
      "text_color": {
        "default": "#444444",
        "dark": "#141414",
        "light": "#717171"
      }
    }
  },
  "fonts": {
    "font_family": {
      "primary": "",
      "primary_type": "",
      "secondary": "",
      "secondary_type": ""
    },
    "font_size": { "base": "16", "scale": "1.22" }
  }
}
